{
  "main": {
    "id": "97fd65f7bdd355a9",
    "type": "split",
    "children": [
      {
        "id": "65d3c1e5fa2ae333",
        "type": "tabs",
        "children": [
          {
            "id": "d9d49b8ccaa6824a",
            "type": "leaf",
            "state": {
              "type": "markdown",
              "state": {
                "file": "The Caverns of Thracia/Карстовые полости Фракии.md",
                "mode": "source",
                "source": false
              }
            }
          }
        ]
      }
    ],
    "direction": "vertical"
  },
  "left": {
    "id": "547f31b80f3df2a3",
    "type": "split",
    "children": [
      {
        "id": "2bdf6e95d7b8d10f",
        "type": "tabs",
        "children": [
          {
            "id": "87806569dbf63769",
            "type": "leaf",
            "state": {
              "type": "file-explorer",
              "state": {
                "sortOrder": "alphabetical"
              }
            }
          },
          {
            "id": "f13c19ce4c6ee3e9",
            "type": "leaf",
            "state": {
              "type": "search",
              "state": {
                "query": "..",
                "matchingCase": false,
                "explainSearch": true,
                "collapseAll": false,
                "extraContext": false,
                "sortOrder": "alphabetical"
              }
            }
          }
        ]
      }
    ],
    "direction": "horizontal",
    "width": 422.5
  },
  "right": {
    "id": "57b5c381e88a093f",
    "type": "split",
    "children": [
      {
        "id": "575071010408c16b",
        "type": "tabs",
        "children": [
          {
            "id": "1c3180a49443e85c",
            "type": "leaf",
            "state": {
              "type": "outline",
              "state": {
                "file": "The Caverns of Thracia/Карстовые полости Фракии.md"
              }
            }
          },
          {
            "id": "dadde635e5eb1faa",
            "type": "leaf",
            "state": {
              "type": "backlink",
              "state": {
                "file": "The Caverns of Thracia/Карстовые полости Фракии.md",
                "collapseAll": false,
                "extraContext": false,
                "sortOrder": "alphabetical",
                "showSearch": false,
                "searchQuery": "",
                "backlinkCollapsed": false,
                "unlinkedCollapsed": true
              }
            }
          },
          {
            "id": "b363a5316099b3bf",
            "type": "leaf",
            "state": {
              "type": "outgoing-link",
              "state": {
                "file": "The Caverns of Thracia/Карстовые полости Фракии.md",
                "linksCollapsed": false,
                "unlinkedCollapsed": false
              }
            }
          }
        ]
      }
    ],
    "direction": "horizontal",
    "width": 359.5
  },
  "left-ribbon": {
    "hiddenItems": {
      "switcher:Меню быстрого перехода": false,
      "command-palette:Открыть палитру команд": false,
      "table-editor-obsidian:Advanced Tables Toolbar": false
    }
  },
  "active": "d9d49b8ccaa6824a",
  "lastOpenFiles": [
    "The Caverns of Thracia/Задняя обложка.md",
    "The Caverns of Thracia/Передняя обложка.md",
    "The Caverns of Thracia/Карстовые полости Фракии.md",
    "The Caverns of Thracia/Заклинания не из Book 1 OD&D.md",
    "The Caverns of Thracia/Волшебные предметы не из Book 2 OD&D.md",
    "The Caverns of Thracia/Иллюстрации/Original/Старые каменные мосты - уровень 2 1.png",
    "The Caverns of Thracia/Иллюстрации/Original/Грук шаман ящеров.png",
    "The Caverns of Thracia/Карстовые полости Фракии для pandoc.md",
    "The Caverns of Thracia/Карстовые полости Фракии — копия.md",
    "The Caverns of Thracia/missfont.log",
    "The Caverns of Thracia/test.pdf",
    "The Caverns of Thracia/Карты/Reprint/Уровень 4.png",
    "The Caverns of Thracia/Карты/Reprint/Уровень 3A.png",
    "The Caverns of Thracia/Карты/Reprint/Уровень 3 правая.png",
    "The Caverns of Thracia/Карты/Reprint/Уровень 3 левая.png",
    "The Caverns of Thracia/Карты/Reprint/Уровень 2.png",
    "The Caverns of Thracia/Карты/Reprint/Уровень 1.png",
    "The Caverns of Thracia/Карты/Reprint/Потерянный город Фракии.png",
    "The Caverns of Thracia/Карты/Reprint/Поперечное сечение Полостей.png",
    "The Caverns of Thracia/Иллюстрации/Original/Передняя обложка.png.sb-f8a06939-yfCxuB",
    "The Caverns of Thracia/Иллюстрации/Original/Передняя обложка.png.sb-f8a06939-dqBhgv",
    "The Caverns of Thracia/Иллюстрации/Reprint",
    "Капитаны стражи.png.sb-f8a06939-ICQ8tB",
    "Старые каменные мосты (уровень 2) 2.png.sb-f8a06939-yE96nm",
    "Старые каменные мосты (уровень 2) 1.png.sb-f8a06939-v6AYdB",
    "Хваткий страж.png.sb-f8a06939-83nGxz",
    "Бестелесная пасть и хваткий страж.png.sb-f8a06939-sSbQth",
    "The Caverns of Thracia/14. Уровень 4.md",
    "The Caverns of Thracia/15. Задняя обложка.md",
    "The Caverns of Thracia/13. Уровень 3.md",
    "The Caverns of Thracia/12. Уровень 3A.md",
    "The Caverns of Thracia/11. Уровень 2.md",
    "The Caverns of Thracia/10. Уровень 1.md",
    "The Caverns of Thracia/9. Потерянный город Фракии.md",
    "The Caverns of Thracia/8. Таверны Фракии (легенды и слухи).md",
    "The Caverns of Thracia/7. Таблицы патрулей гноллов.md",
    "The Caverns of Thracia/6. Таблицы случайных столкновений (бродящие монстры).md",
    "The Caverns of Thracia/5. Заметки о фракийском языке.md",
    "The Caverns of Thracia/4. Краткая история Карстовых полостей Фракии.md",
    "The Caverns of Thracia/3. Заметки для судьи.md",
    "The Caverns of Thracia/2. Комментарии дизайнера.md",
    "The Caverns of Thracia/1. Предисловие.md",
    "treasure-special_rus.md",
    "Tegel Manor/Неистовствующие комнаты/A21.md",
    "Tegel Manor/Башня брата/4 этаж --- зоопарк.md"
  ]
}